firstName,lastName,email,groupId
Milli,Baddiley,mbaddiley0@geocities.jp,DAM2
Wilek,Davson,wdavson1@dagondesign.com,DAM2
Yorke,Jizhaki,yjizhaki2@berkeley.edu,ASIX1
Karel,Boulder,kboulder3@go.com,DAW2
Ruttger,Chowne,rchowne4@gravatar.com,DAW1
Mildred,Causton,mcauston5@loc.gov,DAW2
Port,Putnam,pputnam6@noaa.gov,DAM1
Jorgan,Josland,jjosland7@amazon.de,ASIX1
Jens,Payley,jpayley8@microsoft.com,DAW2
Jana,Davidovic,jdavidovic9@macromedia.com,ASIX1
Clarita,Sea,cseaa@webeden.co.uk,ASIX1
Salome,Toomey,stoomeyb@kickstarter.com,ASIX1
Terrel,Starrs,tstarrsc@usa.gov,ASIX1
Natalya,Bandy,nbandyd@cnet.com,SMIX2
Nikolas,Hamprecht,nhamprechte@weibo.com,DAW1
Barbabra,Putton,bputtonf@altervista.org,ASIX2
Dougy,Belvard,dbelvardg@bbb.org,SMIX1
Priscilla,Monck,pmonckh@google.es,ASIX1
Heidie,Van Velde,hvanveldei@bbc.co.uk,ASIX2
Egon,Kinvan,ekinvanj@de.vu,DAM2
Carr,Strudwick,cstrudwickk@harvard.edu,SMIX2
Tatiania,Grancher,tgrancherl@ibm.com,DAW2
Kathryn,Edgson,kedgsonm@tripadvisor.com,DAM1
Gerri,Casely,gcaselyn@canalblog.com,DAM1
Haze,McGurgan,hmcgurgano@free.fr,ASIX2
Libby,Bleythin,lbleythinp@vkontakte.ru,DAW2
Katharyn,Ledster,kledsterq@sfgate.com,DAM1
Nikolia,Burnup,nburnupr@vinaora.com,DAW2
Meryl,Catherick,mcathericks@geocities.com,ASIX1
Adair,Pepperd,apepperdt@squarespace.com,DAW2
Vinson,Stampe,vstampeu@npr.org,SMIX1
Christal,Hiscocks,chiscocksv@privacy.gov.au,DAW1
Fonsie,Willans,fwillansw@tamu.edu,SMIX1
Daryn,Yanele,dyanelex@w3.org,DAM2
Elden,Dono,edonoy@stanford.edu,SMIX1
Alaric,Edelheid,aedelheidz@cargocollective.com,DAM1
Druci,Croston,dcroston10@usgs.gov,DAW2
Lizette,Seal,lseal11@huffingtonpost.com,SMIX1
Bronson,Tumilson,btumilson12@nsw.gov.au,DAM2
Traci,Mayall,tmayall13@angelfire.com,SMIX2
Kaine,Hazeldine,khazeldine14@ucoz.ru,DAW2
Mavis,Bonnavant,mbonnavant15@utexas.edu,DAM2
Luci,Lubbock,llubbock16@elegantthemes.com,DAM2
Sandye,Klauer,sklauer17@liveinternet.ru,ASIX2
Jayson,Schimon,jschimon18@google.fr,ASIX2
Shermie,Kernley,skernley19@uol.com.br,DAM1
Mercy,Dallemore,mdallemore1a@alexa.com,ASIX1
Amy,Baudou,abaudou1b@japanpost.jp,ASIX1
Roldan,Metterick,rmetterick1c@vimeo.com,SMIX2
Flynn,Norcross,fnorcross1d@indiegogo.com,ASIX1
Sinclair,Streight,sstreight1e@disqus.com,DAM1
Dreddy,Lunge,dlunge1f@example.com,DAW2
Appolonia,Olsen,aolsen1g@vimeo.com,SMIX2
Ilsa,Pingstone,ipingstone1h@uiuc.edu,ASIX2
Georgeanna,Calcott,gcalcott1i@hhs.gov,DAW1
Renaud,Rackham,rrackham1j@java.com,ASIX2
Inigo,Meekings,imeekings1k@fda.gov,ASIX1
Bradly,Scambler,bscambler1l@typepad.com,SMIX1
Bink,Roch,broch1m@latimes.com,DAM2
Zabrina,Durbin,zdurbin1n@diigo.com,DAM2
Mal,Bagshaw,mbagshaw1o@w3.org,DAM2
Briney,Brookesbie,bbrookesbie1p@ox.ac.uk,ASIX2
Almeda,Wardingley,awardingley1q@thetimes.co.uk,DAW1
Pate,Mattack,pmattack1r@yale.edu,ASIX1
Lawrence,Gouldstone,lgouldstone1s@themeforest.net,SMIX2
Weber,Brumble,wbrumble1t@geocities.com,DAM1
Sanders,Frankema,sfrankema1u@unicef.org,DAM2
Ginelle,Parsand,gparsand1v@skyrock.com,ASIX2
Alta,Bockings,abockings1w@newsvine.com,SMIX1
Evangelina,Skerrett,eskerrett1x@wordpress.com,SMIX2
Sasha,Stowte,sstowte1y@youtu.be,DAW2
Ellary,McCluney,emccluney1z@psu.edu,DAW2
Barthel,Kinglake,bkinglake20@github.io,DAW2
Bastien,Bonelle,bbonelle21@paginegialle.it,DAM1
Durante,Whicher,dwhicher22@answers.com,SMIX2
Melicent,Magill,mmagill23@twitter.com,ASIX1
Bendite,MacGaughey,bmacgaughey24@google.nl,SMIX2
Uriel,Jurgensen,ujurgensen25@sun.com,SMIX2
Tarra,Barnewall,tbarnewall26@chicagotribune.com,ASIX1
Trueman,Jordi,tjordi27@cnbc.com,SMIX2
Micheil,Gosland,mgosland28@phoca.cz,ASIX1
Georgeanna,Sivil,gsivil29@reverbnation.com,ASIX1
Arty,Suttell,asuttell2a@webnode.com,DAM1
Jasmina,Barmadier,jbarmadier2b@deliciousdays.com,SMIX2
Cristionna,Lawrie,clawrie2c@salon.com,DAW1
Olwen,Tatlow,otatlow2d@cbslocal.com,DAM1
Phillida,Orrum,porrum2e@cargocollective.com,DAW1
Babita,Maseres,bmaseres2f@odnoklassniki.ru,DAM2
Alfonse,Donald,adonald2g@seattletimes.com,DAW1
Patton,De Lasci,pdelasci2h@usatoday.com,SMIX2
Mersey,Craiker,mcraiker2i@reverbnation.com,DAW1
Morganne,Luesley,mluesley2j@reverbnation.com,ASIX2
Christina,Lacey,clacey2k@ovh.net,SMIX2
Alano,Ducker,aducker2l@ted.com,DAW2
Vanya,Wilsee,vwilsee2m@netlog.com,SMIX2
Bartholomeo,Willbond,bwillbond2n@flickr.com,DAM2
Hamid,Silkstone,hsilkstone2o@nymag.com,ASIX2
Traci,Kitchener,tkitchener2p@abc.net.au,SMIX2
Kakalina,Bernard,kbernard2q@xinhuanet.com,SMIX1
Ricardo,Martellini,rmartellini2r@usda.gov,ASIX2
